<?xml version="1.0" encoding="UTF-8" standalone="yes"?>
<addon id="plugin.video.psychoxxx" version="6.6.8" name="[COLOR red]P[/COLOR][COLOR white]sycho[/COLOR] [COLOR red]xXx[/COLOR]" provider-name="bit.ly/[COLOR blue][B]AMO[/B][/COLOR][COLOR green]box[/COLOR]">
	<requires>
		<import addon="xbmc.python" version="2.1.0" />
		<import addon="plugin.video.youtube" version="5.2.1" optional="true" />
		<import addon="script.module.pyxbmct" version="1.1.4" />
		<import addon="script.module.urlresolver" version="3.0.0"/>
		<import addon="script.module.liveresolver" version="0.1.24"/>
		<import addon="script.video.F4mProxy" version="2.2.3"/>
	</requires>
	<extension point="xbmc.python.pluginsource" library="default.py">
		<provides>video</provides>
	</extension>
	<extension point="xbmc.addon.metadata">
		<summary lang="en">Psycho xXx</summary>
		<description lang="en">Psycho xXx - Para adultos.</description>
		<news>- Release</news>
		<assets>
			<icon>icon.png</icon>
			<fanart>fanart.jpg</fanart>
		</assets>
		<platform>all</platform>
		<forum></forum>
		<website></website>
	</extension>
</addon>
