﻿<?xml version="1.0" encoding="UTF-8" standalone="yes"?>
<addon id="plugin.video.frenchi" name="Frenchi" version="1.0" provider-name="frenchdj">
  <requires>
    <import addon="xbmc.python" version="2.1.0"/>
    <import addon="script.module.addon.common" version="2.0.0"/>
    <import addon="plugin.video.youtube" />
  </requires>
	
  <extension point="xbmc.python.pluginsource" library="default.py">
    <provides>video</provides>
  </extension>
	
  <extension point="xbmc.addon.metadata">
    <summary lang="en">frenchi</summary>
    <description lang="en">Canais Infantis para a comunidade KODI. 
Este addon é oferecido pelo provider frenchdj e quem quiser pode modificar.
Modifiquem o que quiserem desde que mantenham o nome do criador original.
</description>
    <platform>all</platform>
    <forum></forum>
    <website></website>
  </extension>
</addon>
