﻿<?xml version="1.0" encoding="UTF-8" standalone="yes"?>
<addon id="MasterRepo.repository" name="MasterRepo" version="0.0.2" provider-name="Coelhon">
	<extension point="xbmc.addon.repository" name="Tutorial Add-on Repository">
		<info compressed="false">http://raw.github.com/MasterRepo/MasterRepo.repository/master/addons.xml</info>
		<checksum>http://raw.github.com/MasterRepo/MasterRepo.repository/master/addons.xml.md5</checksum>
		<datadir zip="true">http://raw.github.com/MasterRepo/MasterRepo.repository/master/repo/</datadir>
	</extension>
	<extension point="xbmc.addon.metadata">
		<summary>MasterRepo</summary>
		<description>MasterRepo the Best Repository</description>
		<disclaimer></disclaimer>
		<platform>all</platform>
	</extension>
</addon>